name,username,password,role,department,semester,section,email
Student_1A,2025001,12345,student,IT,1,IT-1,student1a@college.edu
Student_1B,2025002,12345,student,IT,1,IT-1,student1b@college.edu
Student_1C,2025003,12345,student,IT,1,IT-1,student1c@college.edu
Student_1D,2025004,12345,student,IT,1,IT-1,student1d@college.edu
Student_1E,2025005,12345,student,IT,1,IT-1,student1e@college.edu
Student_1F,2025006,12345,student,IT,1,IT-1,student1f@college.edu
Student_1G,2025007,12345,student,IT,1,IT-1,student1g@college.edu
Student_1H,2025008,12345,student,IT,1,IT-1,student1h@college.edu
Student_1I,2025009,12345,student,IT,1,IT-1,student1i@college.edu
Student_1J,2025010,12345,student,IT,1,IT-1,student1j@college.edu
Student_2A,2025011,12345,student,IT,1,IT-2,student2a@college.edu
Student_2B,2025012,12345,student,IT,1,IT-2,student2b@college.edu
Student_2C,2025013,12345,student,IT,1,IT-2,student2c@college.edu
Student_2D,2025014,12345,student,IT,1,IT-2,student2d@college.edu
Student_2E,2025015,12345,student,IT,1,IT-2,student2e@college.edu
Student_2F,2025016,12345,student,IT,1,IT-2,student2f@college.edu
Student_2G,2025017,12345,student,IT,1,IT-2,student2g@college.edu
Student_2H,2025018,12345,student,IT,1,IT-2,student2h@college.edu
Student_2I,2025019,12345,student,IT,1,IT-2,student2i@college.edu
Student_2J,2025020,12345,student,IT,1,IT-2,student2j@college.edu
Student_3A,2025021,12345,student,IT,1,IT-3,student3a@college.edu
Student_3B,2025022,12345,student,IT,1,IT-3,student3b@college.edu
Student_3C,2025023,12345,student,IT,1,IT-3,student3c@college.edu
Student_3D,2025024,12345,student,IT,1,IT-3,student3d@college.edu
Student_3E,2025025,12345,student,IT,1,IT-3,student3e@college.edu
Student_3F,2025026,12345,student,IT,1,IT-3,student3f@college.edu
Student_3G,2025027,12345,student,IT,1,IT-3,student3g@college.edu
Student_3H,2025028,12345,student,IT,1,IT-3,student3h@college.edu
Student_3I,2025029,12345,student,IT,1,IT-3,student3i@college.edu
Student_3J,2025030,12345,student,IT,1,IT-3,student3j@college.edu
Student_4A,2024001,12345,student,IT,3,IT-1,student4a@college.edu
Student_4B,2024002,12345,student,IT,3,IT-1,student4b@college.edu
Student_4C,2024003,12345,student,IT,3,IT-1,student4c@college.edu
Student_4D,2024004,12345,student,IT,3,IT-1,student4d@college.edu
Student_4E,2024005,12345,student,IT,3,IT-1,student4e@college.edu
Student_4F,2024006,12345,student,IT,3,IT-1,student4f@college.edu
Student_4G,2024007,12345,student,IT,3,IT-1,student4g@college.edu
Student_4H,2024008,12345,student,IT,3,IT-1,student4h@college.edu
Student_4I,2024009,12345,student,IT,3,IT-1,student4i@college.edu
Student_4J,2024010,12345,student,IT,3,IT-1,student4j@college.edu
Student_5A,2024011,12345,student,IT,3,IT-2,student5a@college.edu
Student_5B,2024012,12345,student,IT,3,IT-2,student5b@college.edu
Student_5C,2024013,12345,student,IT,3,IT-2,student5c@college.edu
Student_5D,2024014,12345,student,IT,3,IT-2,student5d@college.edu
Student_5E,2024015,12345,student,IT,3,IT-2,student5e@college.edu
Student_5F,2024016,12345,student,IT,3,IT-2,student5f@college.edu
Student_5G,2024017,12345,student,IT,3,IT-2,student5g@college.edu
Student_5H,2024018,12345,student,IT,3,IT-2,student5h@college.edu
Student_5I,2024019,12345,student,IT,3,IT-2,student5i@college.edu
Student_5J,2024020,12345,student,IT,3,IT-2,student5j@college.edu
Student_6A,2024021,12345,student,IT,3,IT-3,student6a@college.edu
Student_6B,2024022,12345,student,IT,3,IT-3,student6b@college.edu
Student_6C,2024023,12345,student,IT,3,IT-3,student6c@college.edu
Student_6D,2024024,12345,student,IT,3,IT-3,student6d@college.edu
Student_6E,2024025,12345,student,IT,3,IT-3,student6e@college.edu
Student_6F,2024026,12345,student,IT,3,IT-3,student6f@college.edu
Student_6G,2024027,12345,student,IT,3,IT-3,student6g@college.edu
Student_6H,2024028,12345,student,IT,3,IT-3,student6h@college.edu
Student_6I,2024029,12345,student,IT,3,IT-3,student6i@college.edu
Student_6J,2024030,12345,student,IT,3,IT-3,student6j@college.edu
Student_7A,2023001,12345,student,IT,5,IT-1,student7a@college.edu
Student_7B,2023002,12345,student,IT,5,IT-1,student7b@college.edu
Student_7C,2023003,12345,student,IT,5,IT-1,student7c@college.edu
Student_7D,2023004,12345,student,IT,5,IT-1,student7d@college.edu
Student_7E,2023005,12345,student,IT,5,IT-1,student7e@college.edu
Student_7F,2023006,12345,student,IT,5,IT-1,student7f@college.edu
Student_7G,2023007,12345,student,IT,5,IT-1,student7g@college.edu
Student_7H,2023008,12345,student,IT,5,IT-1,student7h@college.edu
Student_7I,2023009,12345,student,IT,5,IT-1,student7i@college.edu
Student_7J,2023010,12345,student,IT,5,IT-1,student7j@college.edu
Student_8A,2023011,12345,student,IT,5,IT-2,student8a@college.edu
Student_8B,2023012,12345,student,IT,5,IT-2,student8b@college.edu
Student_8C,2023013,12345,student,IT,5,IT-2,student8c@college.edu
Student_8D,2023014,12345,student,IT,5,IT-2,student8d@college.edu
Student_8E,2023015,12345,student,IT,5,IT-2,student8e@college.edu
Student_8F,2023016,12345,student,IT,5,IT-2,student8f@college.edu
Student_8G,2023017,12345,student,IT,5,IT-2,student8g@college.edu
Student_8H,2023018,12345,student,IT,5,IT-2,student8h@college.edu
Student_8I,2023019,12345,student,IT,5,IT-2,student8i@college.edu
Student_8J,2023020,12345,student,IT,5,IT-2,student8j@college.edu
Student_9A,2023021,12345,student,IT,5,IT-3,student9a@college.edu
Student_9B,2023022,12345,student,IT,5,IT-3,student9b@college.edu
Student_9C,2023023,12345,student,IT,5,IT-3,student9c@college.edu
Student_9D,2023024,12345,student,IT,5,IT-3,student9d@college.edu
Student_9E,2023025,12345,student,IT,5,IT-3,student9e@college.edu
Student_9F,2023026,12345,student,IT,5,IT-3,student9f@college.edu
Student_9G,2023027,12345,student,IT,5,IT-3,student9g@college.edu
Student_9H,2023028,12345,student,IT,5,IT-3,student9h@college.edu
Student_9I,2023029,12345,student,IT,5,IT-3,student9i@college.edu
Student_9J,2023030,12345,student,IT,5,IT-3,student9j@college.edu
Student_10A,2022001,12345,student,IT,7,IT-1,student10a@college.edu
Student_10B,2022002,12345,student,IT,7,IT-1,student10b@college.edu
Student_10C,2022003,12345,student,IT,7,IT-1,student10c@college.edu
Student_10D,2022004,12345,student,IT,7,IT-1,student10d@college.edu
Student_10E,2022005,12345,student,IT,7,IT-1,student10e@college.edu
Student_10F,2022006,12345,student,IT,7,IT-1,student10f@college.edu
Student_10G,2022007,12345,student,IT,7,IT-1,student10g@college.edu
Student_10H,2022008,12345,student,IT,7,IT-1,student10h@college.edu
Student_10I,2022009,12345,student,IT,7,IT-1,student10i@college.edu
Student_10J,2022010,12345,student,IT,7,IT-1,student10j@college.edu
Student_11A,2022011,12345,student,IT,7,IT-2,student11a@college.edu
Student_11B,2022012,12345,student,IT,7,IT-2,student11b@college.edu
Student_11C,2022013,12345,student,IT,7,IT-2,student11c@college.edu
Student_11D,2022014,12345,student,IT,7,IT-2,student11d@college.edu
Student_11E,2022015,12345,student,IT,7,IT-2,student11e@college.edu
Student_11F,2022016,12345,student,IT,7,IT-2,student11f@college.edu
Student_11G,2022017,12345,student,IT,7,IT-2,student11g@college.edu
Student_11H,2022018,12345,student,IT,7,IT-2,student11h@college.edu
Student_11I,2022019,12345,student,IT,7,IT-2,student11i@college.edu
Student_11J,2022020,12345,student,IT,7,IT-2,student11j@college.edu
Student_12A,2022021,12345,student,IT,7,IT-3,student12a@college.edu
Student_12B,2022022,12345,student,IT,7,IT-3,student12b@college.edu
Student_12C,2022023,12345,student,IT,7,IT-3,student12c@college.edu
Student_12D,2022024,12345,student,IT,7,IT-3,student12d@college.edu
Student_12E,2022025,12345,student,IT,7,IT-3,student12e@college.edu
Student_12F,2022026,12345,student,IT,7,IT-3,student12f@college.edu
Student_12G,2022027,12345,student,IT,7,IT-3,student12g@college.edu
Student_12H,2022028,12345,student,IT,7,IT-3,student12h@college.edu
Student_12I,2022029,12345,student,IT,7,IT-3,student12i@college.edu
Student_12J,2022030,12345,student,IT,7,IT-3,student12j@college.edu
